model,accuracy,precision_0,recall_0,f1_0,precision_1,recall_1,f1_1,macro_f1
Logistic,0.5122873345935728,0.5151515151515151,0.875,0.6485013623978202,0.4925373134328358,0.12840466926070038,0.2037037037037037,0.42610253305076196
RF,0.499054820415879,0.5155555555555555,0.4264705882352941,0.46680080482897385,0.4868421052631579,0.5758754863813229,0.5276292335115864,0.4972150191702801
XGB,0.5103969754253308,0.5311004784688995,0.40808823529411764,0.46153846153846156,0.496875,0.6186770428015564,0.5511265164644714,0.5063324890014664
LGBM,0.5217391304347826,0.5422222222222223,0.4485294117647059,0.4909456740442656,0.506578947368421,0.5992217898832685,0.5490196078431373,0.5199826409437014
