model,accuracy,precision_0,recall_0,f1_0,precision_1,recall_1,f1_1,macro_f1
Logistic,0.4853700516351119,0.5080906148867314,0.5164473684210527,0.5122349102773246,0.45955882352941174,0.45126353790613716,0.4553734061930783,0.48380415823520145
RF,0.48881239242685026,0.5220125786163522,0.2730263157894737,0.35853131749460043,0.476303317535545,0.7256317689530686,0.575107296137339,0.4668193068159697
XGB,0.504302925989673,0.5373831775700935,0.3782894736842105,0.444015444015444,0.48501362397820164,0.6425992779783394,0.5527950310559007,0.49840523753567234
LGBM,0.5077452667814114,0.5436893203883495,0.3684210526315789,0.4392156862745098,0.488,0.6606498194945848,0.5613496932515337,0.5002826897630217
